
[
      { "memId" : "MEM000001", "FirstName" : "Jayaganesan", "LastName": "Selvam", "SSN" : "1234567890", "CIN" : "C0123456781"},
      { "memId" : "MEM000002", "FirstName" : "Saravanan", "LastName": "Somasundaram", "SSN" : "2234567890", "CIN" : "C0123456782"},
      { "memId" : "MEM000003", "FirstName" : "Rakesh", "LastName": "Vijaseh", "SSN" : "3234567890", "CIN" : "C0123456783"},
      { "memId" : "MEM000004", "FirstName" : "Gourav", "LastName": "Deshpende", "SSN" : "4234567890", "CIN" : "C0123456784"},
      { "memId" : "MEM000005", "FirstName" : "Hemanth", "LastName": "Jayaganesan", "SSN" : "5234567890", "CIN" : "C0123456785"},
      { "memId" : "MEM000006", "FirstName" : "Yuvaraj", "LastName": "Palanisamy", "SSN" : "6234567890", "CIN" : "C0123456786"},
      { "memId" : "MEM000007", "FirstName" : "Vimal", "LastName": "Surya", "SSN" : "7234567890", "CIN" : "C0123456787"},
      { "memId" : "MEM000008", "FirstName" : "Naran", "LastName": "Prakash", "SSN" : "8234567890", "CIN" : "C0123456788"},
      { "memId" : "MEM000009", "FirstName" : "Varshan", "LastName": "Jayaganesan", "SSN" : "9234567890", "CIN" : "C0123456789"},
      { "memId" : "MEM000010", "FirstName" : "Murali", "LastName": "Raj", "SSN" : "1034567890", "CIN" : "C0123456710"},
      { "memId" : "MEM000011", "FirstName" : "Naveen", "LastName": "Kumar", "SSN" : "1134567890", "CIN" : "C0123456711"},
      { "memId" : "MEM000012", "FirstName" : "Pavilesh", "LastName": "Sham", "SSN" : "1234567890", "CIN" : "C0123456712"},
      { "memId" : "MEM000013", "FirstName" : "Vidhya", "LastName": "Aathi", "SSN" : "1334567890", "CIN" : "C0123456713"},
      { "memId" : "MEM000014", "FirstName" : "Paramasivam", "LastName": "Shivam", "SSN" : "1434567890", "CIN" : "C0123456714"},
      { "memId" : "MEM000015", "FirstName" : "Rajesh", "LastName": "Kumar", "SSN" : "1534567890", "CIN" : "C0123456715"},
      { "memId" : "MEM000016", "FirstName" : "Sukumar", "LastName": "Praveen", "SSN" : "1634567890", "CIN" : "C0123456716"},
      { "memId" : "MEM000017", "FirstName" : "Jothi", "LastName": "Sankar", "SSN" : "1734567890", "CIN" : "C0123456717"},
      { "memId" : "MEM000018", "FirstName" : "Bhoomi", "LastName": "Nathan", "SSN" : "1834567890", "CIN" : "C0123456718"},
      { "memId" : "MEM000019", "FirstName" : "Shivan", "LastName": "Kumar", "SSN" : "1934567890", "CIN" : "C0123456718"},
      { "memId" : "MEM000020", "FirstName" : "Kumar", "LastName": "Thani", "SSN" : "2034567890", "CIN" : "C0123456719"},
      { "memId" : "MEM000021", "FirstName" : "Dhurai", "LastName": "Kannadasn", "SSN" : "2134567890", "CIN" : "C0123456720"},      
      { "memId" : "MEM000023", "FirstName" : "Sabari", "LastName": "Jaiseelan", "SSN" : "2334567890", "CIN" : "C0123456722"},
      { "memId" : "MEM000024", "FirstName" : "Jagadeesh", "LastName": "Murugan", "SSN" : "2434567890", "CIN" : "C0123456723"},
      { "memId" : "MEM000025", "FirstName" : "Kannan", "LastName": "Kiruba", "SSN" : "2534567890", "CIN" : "C0123456724"},
      { "memId" : "MEM000022", "FirstName" : "Purusoth", "LastName": "Kannadasan", "SSN" : "2234567890", "CIN" : "C0123456721"},
      { "memId" : "MEM000026", "FirstName" : "Vimal", "LastName": "Krishnan", "SSN" : "2634567890", "CIN" : "C0123456725"},
      { "memId" : "MEM000027", "FirstName" : "Pavi", "LastName": "Nathan", "SSN" : "2634567891", "CIN" : "C0123456726"},
      { "memId" : "MEM000028", "FirstName" : "Shaam", "LastName": "Amar", "SSN" : "2634567892", "CIN" : "C0123456727"},
      { "memId" : "MEM000029", "FirstName" : "Siva", "LastName": "Shan", "SSN" : "2634567893", "CIN" : "C0123456728"},
      { "memId" : "MEM000030", "FirstName" : "Kiruba", "LastName": "Sabari", "SSN" : "2634567894", "CIN" : "C0123456729"},
      { "memId" : "MEM000031", "FirstName" : "Kamal", "LastName": "Kannan", "SSN" : "2634567895", "CIN" : "C0123456730"}
]
  